ticker,exchange,fiscal_month
2222,GCC,12
1120,GCC,12
1180,GCC,12
1211,GCC,12
7010,GCC,12
EMIRATESNBD,GCC,12
KFH,GCC,12
QNBK,GCC,12
2010,GCC,12
2082,GCC,12
DEWA,GCC,12
EMAAR,GCC,12
NBK,GCC,12
1010,GCC,12
4013,GCC,12
5110,GCC,12
1150,GCC,12
IQCD,GCC,12
1060,GCC,12
EIB,GCC,12
2020,GCC,12
EMAARDEV,GCC,12
DU,GCC,12
DIB,GCC,12
7203,GCC,12
MASQ,GCC,12
QIBK,GCC,12
1050,GCC,12
7020,GCC,12
2280,GCC,12
4280,GCC,12
SALIK,GCC,12
ORDS,GCC,12
1080,GCC,12
BOUBYAN,GCC,12
1140,GCC,12
ZAIN,GCC,12
4030,GCC,12
2380,GCC,12
CBD,GCC,12
TALABAT,GCC,12
AIRARABIA,GCC,12
4325,GCC,12
QGTS,GCC,12
7202,GCC,12
8210,GCC,12
ERES,GCC,12
2223,GCC,12
2382,GCC,12
8010,GCC,12
4190,GCC,12
IGRD,GCC,12
4300,GCC,12
MARK,GCC,12
DUBK,GCC,12
4250,GCC,12
GBK,GCC,12
QIIK,GCC,12
PARKIN,GCC,12
MABANEE,GCC,12
4100,GCC,1
4142,GCC,12
2290,GCC,12
TECOM,GCC,12
DUBAIRESI,GCC,12
CBQK,GCC,12
1030,GCC,12
1303,GCC,12
EMPOWER,GCC,12
QEWS,GCC,12
1111,GCC,12
DIC,GCC,12
WARBABANK,GCC,12
1020,GCC,12
MPHC,GCC,12
QFLS,GCC,12
4263,GCC,12
4002,GCC,12
DFM,GCC,12
4164,GCC,12
QNNS,GCC,12
8313,GCC,12
CBK,GCC,12
4200,GCC,12
VFQS,GCC,12
OOREDOO,GCC,12
4004,GCC,12
ABQK,GCC,12
4015,GCC,12
1212,GCC,12
2310,GCC,12
8230,GCC,12
2083,GCC,12
4090,GCC,12
BRES,GCC,12
QAMC,GCC,12
DHBK,GCC,12
7030,GCC,12
4264,GCC,12
2250,GCC,12
BURG,GCC,12
ABK,GCC,12
4220,GCC,12
2050,GCC,12
4017,GCC,12
GFH,GCC,12
2381,GCC,12
4321,GCC,12
2350,GCC,12
STC,GCC,12
ETIHADENERGY,GCC,12
ALEC,GCC,12
TABREED,GCC,12
ALANSARI,GCC,12
4072,GCC,12
BOURSA,GCC,12
1321,GCC,3
2270,GCC,12
2230,GCC,12
7200,GCC,12
NIND,GCC,12
QATI,GCC,12
1322,GCC,12
2060,GCC,12
6004,GCC,12
2330,GCC,12
4322,GCC,12
4020,GCC,12
DTC,GCC,12
1810,GCC,12
4210,GCC,12
4291,GCC,7
4031,GCC,12
4161,GCC,12
KRE,GCC,12
4084,GCC,12
KIB,GCC,12
4018,GCC,12
2080,GCC,12
4003,GCC,12
4005,GCC,12
AHCS,GCC,12
3020,GCC,12
3040,GCC,12
4001,GCC,12
4071,GCC,12
URC,GCC,12
JAZEERA,GCC,12
SPINNEYS,GCC,12
3030,GCC,12
KPROJ,GCC,12
BPCC,GCC,4
CABLE,GCC,12
6010,GCC,12
ALTIJARIA,GCC,12
MKHZN,GCC,12
8200,GCC,12
4150,GCC,12
ALG,GCC,12
4007,GCC,12
4310,GCC,12
GINS,GCC,12
MEZZAN,GCC,12
4019,GCC,12
UNIONCOOP,GCC,12
2320,GCC,12
2081,GCC,12
1830,GCC,12
HUMANSOFT,GCC,12
ZHCD,GCC,12
GISS,GCC,12
ARZAN,GCC,12
AJMANBANK,GCC,12
4162,GCC,12
KCEM,GCC,12
4163,GCC,12
2070,GCC,12
AMANAT,GCC,12
DEYAAR,GCC,12
QFBQ,GCC,12
TAALEEM,GCC,8
4165,GCC,12
UDCD,GCC,12
4260,GCC,12
NRE,GCC,12
TAMINV,GCC,12
4050,GCC,12
TROLLEY,GCC,12
4009,GCC,12
7040,GCC,3
UPP,GCC,12
1831,GCC,12
SRE,GCC,12
2283,GCC,12
BLDN,GCC,12
MERS,GCC,12
2190,GCC,12
4146,GCC,12
IFAHR,GCC,12
3092,GCC,12
6017,GCC,12
1320,GCC,12
GIH,GCC,12
3050,GCC,12
DRC,GCC,12
NOOR,GCC,12
2040,GCC,12
NINV,GCC,12
SUKOON,GCC,12
IFA,GCC,12
1834,GCC,12
ARMX,GCC,12
MCCS,GCC,12
2285,GCC,12
6019,GCC,12
ACICO,GCC,12
3060,GCC,12
2084,GCC,12
2300,GCC,12
2284,GCC,12
AAYAN,GCC,12
4192,GCC,12
3010,GCC,12
4327,GCC,12
1302,GCC,12
4083,GCC,12
4340,GCC,12
3080,GCC,12
MIDAN,GCC,3
2286,GCC,12
MEZA,GCC,12
9557,GCC,12
1833,GCC,12
8030,GCC,12
4016,GCC,12
DIGITUS,GCC,12
4326,GCC,12
1304,GCC,9
AINS,GCC,12
7204,GCC,12
4292,GCC,7
TAM,GCC,12
4342,GCC,12
CGC,GCC,12
2240,GCC,12
2170,GCC,12
AZNOULA,GCC,12
9590,GCC,12
QNCD,GCC,12
AMLAK,GCC,12
ALFTAQA,GCC,12
4262,GCC,12
QIGD,GCC,12
DIN,GCC,12
QGRI,GCC,12
MCGS,GCC,12
FACIL,GCC,12
OULAFUEL,GCC,12
SHIP,GCC,12
4347,GCC,12
8250,GCC,12
9523,GCC,12
NAPESCO,GCC,12
NCC,GCC,12
3003,GCC,12
4193,GCC,12
4261,GCC,12
4344,GCC,12
4240,GCC,12
1202,GCC,12
KUWAITRE,GCC,12
2200,GCC,12
1183,GCC,12
DOHI,GCC,12
4012,GCC,12
KCIN,GCC,12
4040,GCC,12
SOOR,GCC,12
4323,GCC,12
9535,GCC,12
KINS,GCC,12
GWCS,GCC,12
IPG,GCC,12
INTEGRATED,GCC,12
4320,GCC,12
6070,GCC,12
QISI,GCC,12
4143,GCC,12
8060,GCC,12
KINV,GCC,12
7211,GCC,6
ATC,GCC,12
4110,GCC,12
BEYOUT,GCC,12
3004,GCC,12
1835,GCC,12
2281,GCC,12
NICBM,GCC,12
4230,GCC,12
2150,GCC,12
2370,GCC,12
ARKAN,GCC,10
9601,GCC,12
6001,GCC,12
4081,GCC,12
2282,GCC,12
4080,GCC,12
QIMD,GCC,12
2140,GCC,12
2110,GCC,12
1323,GCC,12
9540,GCC,12
9610,GCC,12
SANAM,GCC,12
2120,GCC,12
NGI,GCC,12
6014,GCC,12
2340,GCC,12
9559,GCC,12
ALIMTIAZ,GCC,12
RASIYAT,GCC,12
4170,GCC,12
8070,GCC,12
3002,GCC,12
JTC,GCC,12
ALKOUT,GCC,12
4290,GCC,12
9649,GCC,9
6002,GCC,12
SIIS,GCC,12
1214,GCC,12
9541,GCC,6
AAYANRE,GCC,12
ASC,GCC,12
BEMA,GCC,12
4338,GCC,12
UNICAP,GCC,8
4014,GCC,12
MUNSHAAT,GCC,12
UPAC,GCC,12
1182,GCC,12
4191,GCC,3
4330,GCC,12
4144,GCC,12
ARABREC,GCC,12
ALRAMZ,GCC,12
CLEANING,GCC,12
QLMI,GCC,12
AMCREIT,GCC,12
9544,GCC,12
4008,GCC,12
4348,GCC,12
BAITAKREIT,GCC,12
1324,GCC,12
2030,GCC,12
AKHI,GCC,12
MARKAZ,GCC,12
4145,GCC,12
6018,GCC,12
TIJARA,GCC,12
9521,GCC,12
AREEC,GCC,12
2287,GCC,12
3005,GCC,12
8040,GCC,12
7205,GCC,12
9583,GCC,12
ALDEERA,GCC,12
SHUAA,GCC,12
8240,GCC,12
9655,GCC,12
8012,GCC,12
9640,GCC,12
4148,GCC,12
9637,GCC,12
4194,GCC,12
ALSAFAT,GCC,12
KAMCO,GCC,12
PCEM,GCC,12
ALOLA,GCC,12
